Repository,Client Server,Abstract Machine,Object Oriented,Function Oriented,Event Driven,Layered,Pipes & Filters,Data centeric,Blackboard,Rule Based,Publish Subscribe,Asynchronous Messaging,Plug-ins,Microkernel,Peer-to-Peer,DomainDriven,Shared Nothing
2,9,221,836,96,4,6,53,3,901,160,15,5,2,11,871,3,1
2,3,59,99,260,1,5,53,1,627,73,15,1,9,99,825,5,1
1,7,236,1343,147,7,4,107,10,1025,101,14,4,8,89,90,5,4
1,4,161,1108,195,9,3,150,13,653,93,1,4,9,55,732,5,0
4,2,56,149,120,3,10,35,12,1394,100,10,2,6,96,533,2,4
3,3,47,173,288,9,6,139,12,393,103,7,10,5,66,854,3,3
4,7,41,270,203,13,3,9,15,1345,14,16,3,1,63,26,1,0
2,2,210,424,135,13,5,25,7,358,135,10,2,9,79,923,1,5
7,7,93,547,65,10,4,1,15,945,95,18,8,9,5,865,1,5
4,5,219,37,145,13,2,63,5,516,11,3,6,1,2,231,1,2
8,8,21,1478,220,13,9,138,10,1378,43,8,5,10,34,219,1,1
9,5,37,816,16,12,1,39,16,1057,52,19,8,2,62,576,2,1
6,4,59,686,242,3,3,136,7,1324,25,14,3,10,80,568,3,3
1,8,179,357,163,2,2,50,8,1106,23,16,9,1,40,592,5,3
9,2,57,267,263,14,2,75,1,425,18,14,6,7,89,819,3,5
1,7,143,1491,121,10,13,54,17,922,79,12,7,8,96,849,5,1
4,6,218,57,299,8,7,134,14,302,26,20,1,2,75,760,5,3
2,10,240,1007,38,12,5,65,15,762,107,14,9,4,70,180,4,0
9,4,13,427,94,12,15,7,14,1114,130,7,3,3,87,466,2,3
10,3,268,607,34,6,8,23,17,166,147,2,8,7,27,951,3,5
5,4,233,1177,2,9,6,8,1,663,18,18,2,10,67,626,1,3
4,9,218,213,224,12,12,115,17,1211,150,13,7,8,54,144,5,5
2,2,85,160,72,7,15,135,1,167,107,16,6,10,74,523,4,1
5,4,129,1128,267,2,3,134,3,116,22,16,4,4,29,371,3,2
3,2,147,980,116,13,13,90,11,953,65,10,5,7,95,13,3,4
3,5,149,576,241,1,15,38,4,866,12,4,10,7,63,322,5,3
7,1,134,576,219,4,2,71,9,625,123,19,5,6,79,264,5,0
5,4,121,1039,97,4,8,35,1,589,14,18,5,8,9,638,1,4
10,6,293,687,126,12,15,45,3,1232,110,7,4,4,52,506,5,5
7,9,6,304,134,4,10,109,13,5,53,1,6,10,74,722,5,3
8,7,69,79,259,7,7,36,13,982,43,3,2,7,73,188,3,3
5,1,44,1469,251,3,1,44,10,436,132,5,5,8,69,120,1,4
3,8,122,985,293,1,10,7,14,557,149,3,6,5,82,867,2,0
7,2,68,158,38,3,14,35,2,756,15,11,4,7,3,24,1,4
8,9,152,126,211,9,4,74,19,1254,7,19,9,6,74,548,3,1
10,3,201,1134,252,12,8,37,4,416,144,9,6,3,93,619,3,4
6,9,93,191,190,1,7,63,11,1234,84,5,4,4,21,350,4,4
10,8,196,1026,267,4,13,73,14,1393,146,17,3,2,66,403,1,5
3,1,234,61,264,4,2,78,7,241,103,12,3,8,86,204,5,0
10,7,262,289,69,4,2,57,2,146,153,12,6,2,56,589,3,0
2,5,101,1469,269,1,10,72,9,427,89,20,3,4,96,244,1,4
10,1,165,868,232,10,7,108,7,563,5,17,1,9,64,321,1,5
9,9,73,318,154,1,8,144,3,218,28,16,9,3,72,969,4,4
8,10,129,645,54,13,8,28,17,1143,103,18,6,2,54,409,4,3
5,7,31,1474,96,1,15,127,15,413,36,19,1,7,19,711,4,5
1,8,90,1346,84,8,2,96,20,510,160,2,6,1,54,866,2,2
10,5,171,1210,25,11,15,106,17,1459,49,13,3,1,2,363,3,1
5,2,4,1393,184,5,2,43,10,484,73,16,7,4,74,236,5,3
4,4,121,865,33,3,2,86,5,93,18,20,10,3,26,857,1,3
6,9,171,22,297,7,7,21,6,476,130,18,2,6,36,320,5,4
5,4,51,113,56,6,4,47,3,778,94,20,4,7,61,321,5,5
1,5,164,1349,196,1,6,99,4,235,154,2,10,8,92,412,4,3
3,8,270,433,91,11,7,66,15,1166,151,13,2,5,74,746,1,1
1,1,267,201,111,8,15,119,8,1488,91,9,10,9,60,436,5,4
10,2,281,601,163,4,3,136,15,415,55,18,10,10,13,564,5,4
8,5,69,1014,80,9,7,47,13,1163,66,1,8,1,58,394,1,0
7,1,254,1284,122,1,15,2,11,1169,83,7,5,2,27,215,3,3
2,7,18,162,265,10,6,91,19,1307,119,13,5,3,30,162,2,3
6,3,268,1157,67,1,12,111,6,1276,159,12,1,10,88,120,2,0
9,10,76,926,35,1,9,8,15,709,67,19,10,4,20,133,2,5
9,2,263,873,120,5,12,103,12,1393,77,1,9,2,4,349,3,0
7,5,262,1395,248,13,9,137,9,40,130,3,6,8,63,591,4,0
3,9,255,1157,113,3,4,71,8,1458,143,4,8,4,72,229,4,5
8,10,142,1360,201,15,12,112,10,208,95,12,1,3,49,949,4,3
3,1,252,789,108,11,12,101,17,1013,50,10,6,3,52,500,1,4
9,9,212,1078,207,11,14,106,12,562,18,15,1,9,26,47,2,3
9,8,296,944,70,2,11,29,11,1113,136,2,2,5,24,30,1,3
4,9,249,1385,278,8,10,131,3,174,64,1,1,1,33,552,3,3
4,1,51,562,160,14,2,80,17,537,84,15,10,5,100,421,3,3
3,9,101,917,166,12,9,131,14,836,59,13,4,7,57,341,4,5
8,5,290,1208,247,11,1,97,15,135,98,20,1,6,71,413,1,1
9,1,26,231,83,9,8,57,14,391,105,16,5,5,92,155,4,5
8,7,109,1410,104,4,9,139,13,443,148,2,1,1,97,725,1,0
4,2,260,865,264,8,12,82,3,74,133,8,3,10,27,882,1,5
3,3,121,1267,85,2,15,36,1,1474,132,13,7,3,20,866,1,4
8,6,55,126,114,2,12,144,16,50,96,3,6,10,23,387,4,3
1,9,186,1279,9,1,12,137,4,935,87,19,1,5,35,977,4,2
2,3,255,334,223,2,4,43,15,1307,87,20,8,7,98,785,3,0
10,8,49,1000,215,8,12,74,5,1269,157,3,6,2,55,333,2,4
6,4,235,480,143,1,9,72,18,1195,153,10,9,7,98,422,2,5
5,5,97,146,104,14,5,125,13,23,160,12,7,5,14,643,4,5
6,4,211,615,159,14,12,52,18,414,160,7,6,1,47,508,5,5
9,8,9,163,201,13,10,30,9,1196,85,4,8,9,40,811,1,1
3,8,209,742,211,1,8,61,11,1205,58,13,3,1,32,644,3,4
8,2,245,105,215,4,8,45,10,477,13,6,5,8,98,939,2,4
10,6,275,1269,119,1,5,26,7,724,19,19,2,6,90,394,5,0
7,5,191,1295,198,11,11,124,16,2,106,2,7,5,72,539,2,5
5,4,229,244,73,1,14,81,5,1024,143,15,8,10,58,856,3,3
6,7,100,726,36,11,9,88,14,1194,73,16,7,5,81,160,4,4
2,1,159,178,192,7,3,97,3,1047,100,14,9,3,12,959,3,4
9,9,9,1467,225,12,10,21,19,1004,76,2,5,4,49,215,1,0
8,10,145,714,257,11,8,25,8,257,57,15,9,2,27,296,3,1
8,8,280,291,191,4,14,21,7,768,159,4,8,4,58,131,1,0
2,9,201,1209,149,8,6,104,6,1144,149,3,1,1,80,425,1,0
10,6,132,382,90,6,3,102,1,987,147,18,6,3,86,337,5,5
8,9,196,231,35,7,14,58,6,965,126,14,5,6,9,69,2,2
2,4,186,1127,20,15,9,142,18,1054,63,10,8,9,65,333,4,5
1,1,122,641,219,6,4,24,5,524,105,20,4,3,85,536,4,4
9,3,53,1181,131,7,7,117,4,281,160,11,9,2,35,154,2,1
3,9,94,1232,184,5,3,143,14,704,64,14,1,2,9,458,3,0
5,6,269,158,285,2,11,92,20,367,79,2,4,8,26,794,5,5
7,3,49,188,80,4,14,50,6,222,83,20,7,3,36,883,3,0
10,1,65,472,236,6,10,113,19,57,6,20,2,5,40,937,2,5
4,6,70,1446,182,15,7,20,14,706,82,2,6,9,30,588,3,3
3,1,230,253,103,4,2,2,6,15,137,9,5,6,31,920,1,1
10,5,204,365,258,1,13,146,11,1313,88,16,1,3,44,600,3,1
6,10,240,765,228,10,10,44,1,1017,114,5,9,1,43,30,1,5
1,6,5,466,115,3,9,65,19,223,7,3,7,2,21,731,5,0
5,10,14,1071,291,4,11,54,13,1078,21,18,9,7,54,265,5,2
10,5,165,271,76,4,13,10,18,45,47,19,4,6,47,361,3,4
4,9,211,564,171,3,8,129,15,947,12,20,4,7,34,661,4,1
2,5,7,1067,60,11,2,10,9,711,84,8,5,4,96,528,4,4
8,7,282,1378,191,6,8,131,3,46,124,18,1,4,12,446,3,1
1,5,98,211,89,1,3,90,11,180,34,6,3,6,38,570,2,3
6,8,145,950,223,5,3,148,5,527,94,7,3,1,52,604,5,2
10,4,44,1487,155,12,8,83,8,1462,34,18,1,10,64,237,5,5
5,9,263,746,265,15,10,2,13,1230,27,15,1,3,87,689,3,3
4,7,237,346,195,2,3,83,16,218,10,3,8,10,40,59,2,0
3,5,281,54,128,1,12,114,12,1095,145,4,1,3,95,195,4,1
6,9,132,306,129,4,12,91,8,664,24,2,9,9,38,309,5,2
6,1,176,1228,25,12,9,86,17,419,81,16,3,4,78,634,3,2
5,6,290,694,147,8,15,87,3,1054,61,6,4,10,69,12,5,4
1,2,294,15,136,13,4,65,18,375,18,20,7,2,28,426,5,3
2,10,79,1431,55,3,7,35,1,1455,157,18,10,5,51,41,2,1
10,7,182,1252,184,1,3,53,9,863,132,1,8,10,85,521,4,3
2,8,174,1333,158,12,14,6,3,400,29,19,10,9,66,231,3,0
8,10,80,838,184,13,7,131,5,1488,111,6,8,2,76,730,3,4
4,8,95,263,244,11,13,128,19,1323,67,10,4,7,97,680,2,0
5,10,137,511,283,2,8,133,9,1357,101,7,10,4,64,102,3,0
3,5,273,1395,220,11,10,53,18,683,157,12,8,4,45,126,4,1
7,7,18,891,120,9,8,70,11,1404,7,3,1,8,25,239,3,5
3,9,275,924,132,2,7,97,14,346,113,2,3,3,21,720,1,2
1,3,277,1474,226,13,12,110,9,188,70,1,2,7,74,953,1,4
5,9,219,1229,208,2,14,148,9,1171,31,18,6,2,38,548,3,1
7,2,59,1258,172,14,8,119,18,695,137,2,9,8,85,156,4,0
2,9,227,138,252,11,7,115,5,917,92,2,9,10,74,13,5,4
9,10,65,304,289,10,8,11,13,1381,33,11,9,8,56,80,4,0
2,7,188,1368,54,8,7,16,6,1077,19,17,6,5,84,445,4,4
3,1,32,179,179,15,10,61,11,146,16,7,8,8,48,126,2,3
7,6,169,784,48,4,14,12,19,1478,15,20,1,7,96,461,5,4
4,8,101,459,291,12,2,4,17,31,77,8,2,4,10,79,1,5
8,1,182,8,289,2,9,140,17,318,28,19,6,7,61,88,1,3
10,8,242,530,140,8,1,40,11,956,49,2,3,7,23,486,1,0
1,10,177,781,184,11,5,64,9,521,113,1,4,6,70,411,3,2
10,2,257,780,157,2,9,97,17,913,9,12,1,10,39,620,1,2
7,9,230,401,191,1,5,104,18,425,75,20,8,9,44,49,1,1
8,1,37,110,134,5,13,81,2,1440,132,8,3,8,15,953,3,1
8,2,278,634,216,4,13,22,4,1443,97,12,6,10,26,139,2,3
8,9,73,746,269,11,11,41,11,161,65,6,8,1,55,980,2,3
1,5,43,516,117,11,9,138,18,1168,107,17,4,7,18,659,2,4
5,3,180,1429,164,14,4,150,17,1372,35,15,9,5,61,216,4,1
3,9,63,1370,163,9,10,108,10,615,95,16,7,3,81,179,5,1
7,5,173,1061,216,7,5,129,18,1069,5,12,7,2,42,68,3,0
2,2,77,297,271,15,5,72,3,275,90,9,1,7,69,222,1,0
2,7,79,175,203,3,2,46,13,271,159,5,2,7,94,928,4,4
9,2,218,41,218,15,6,71,20,348,37,19,8,2,59,950,3,5
1,4,174,1358,161,9,1,100,13,638,158,9,5,10,39,991,3,2
1,1,134,800,169,11,10,48,2,1373,22,1,9,5,62,789,2,5
3,7,39,949,35,8,15,44,4,1241,121,3,5,3,82,548,4,2
4,1,41,984,213,15,10,100,19,1497,145,8,8,2,86,5,2,0
2,9,28,133,127,3,3,129,5,999,63,8,6,2,86,243,3,1
1,1,71,165,103,2,14,113,4,1176,53,2,3,10,10,175,5,5
7,9,258,760,145,2,11,72,12,1096,136,15,1,3,93,130,5,2
5,6,135,302,281,9,11,12,4,909,120,12,4,6,52,873,3,1
3,3,35,819,159,11,11,13,20,1375,60,18,1,10,8,212,2,4
3,1,285,1213,50,9,13,8,4,721,20,15,1,7,68,396,3,1
4,6,132,819,35,4,10,70,11,440,118,7,3,10,59,13,2,3
4,7,185,485,119,1,6,19,8,901,86,8,7,7,44,33,5,3
2,3,203,807,102,1,4,104,19,417,95,8,4,4,29,423,2,0
8,10,99,346,268,12,2,10,16,35,151,9,10,1,29,265,5,5
3,8,66,501,107,4,12,118,14,329,44,17,7,4,63,593,2,0
9,1,29,801,258,5,15,124,7,630,8,9,3,7,67,683,1,5
5,1,291,11,50,11,9,46,15,97,121,14,10,5,71,627,1,1
3,10,93,201,265,4,9,109,14,164,134,2,6,4,93,738,5,4
5,5,155,612,110,1,15,143,11,822,136,11,4,10,20,475,4,4
8,2,255,546,139,7,6,31,4,1463,94,13,9,2,55,778,2,2
4,8,113,1313,15,7,5,91,10,420,90,18,8,2,34,539,1,1
2,6,159,595,275,10,13,129,20,808,21,6,4,3,9,642,2,5
8,9,192,1219,243,5,6,144,18,349,151,13,2,2,25,59,5,2
10,1,91,1066,169,9,5,104,9,861,98,12,1,2,16,853,4,5
7,6,233,736,203,12,13,139,1,1320,86,3,4,4,40,12,2,0
3,2,89,1183,206,2,7,108,2,321,112,13,4,7,63,412,2,2
1,2,82,93,260,5,7,30,4,535,131,14,6,2,80,295,5,0
5,5,16,1123,158,13,9,116,6,310,34,18,3,5,87,943,2,0
4,7,139,601,28,2,1,127,7,388,44,14,3,3,15,554,4,5
4,2,265,810,90,10,7,85,10,981,79,19,8,8,50,566,4,4
1,3,249,362,217,12,14,6,9,696,143,6,6,9,53,319,5,3
4,4,237,800,136,15,13,26,16,1313,42,5,5,2,28,20,1,1
4,2,275,1252,9,1,3,12,11,993,144,12,2,5,93,230,3,5
5,4,150,3,219,8,8,119,19,929,22,19,6,4,18,582,3,3
1,10,217,864,78,9,7,60,9,16,135,8,10,7,80,601,5,3
6,3,213,418,163,10,9,80,4,1334,11,9,3,7,38,436,4,4
8,1,72,902,207,15,14,24,20,460,51,19,3,2,35,2,2,5
3,6,56,403,23,4,12,118,11,547,3,13,6,2,20,458,2,4
2,2,154,838,297,5,7,1,9,949,58,6,3,4,23,673,5,0
3,4,3,691,218,8,1,103,15,243,87,2,7,8,28,109,3,4
4,10,172,55,242,6,11,137,12,560,43,14,5,10,98,236,1,3
5,2,37,961,131,15,7,98,19,719,60,13,2,7,66,212,1,3
5,8,109,595,65,8,7,112,20,1057,154,13,3,6,88,769,3,2
3,8,210,616,196,15,11,137,4,70,157,3,3,9,88,253,5,4
4,10,105,1328,12,5,8,32,4,47,108,6,10,10,87,105,3,4
10,7,203,1276,19,12,10,84,5,614,144,6,7,6,93,550,5,4
1,6,207,1142,109,4,4,147,12,263,32,17,7,9,90,868,3,0
2,8,292,333,17,6,10,100,7,264,100,8,7,3,71,86,4,1
4,7,247,297,32,12,13,5,12,1095,22,4,8,8,91,73,3,1
5,4,223,512,279,8,4,75,9,1090,119,19,6,1,25,350,3,2
1,9,175,1269,238,1,12,143,11,971,114,7,4,9,19,812,1,3
2,2,105,571,256,15,10,29,18,1393,9,1,7,5,92,362,4,1
2,9,88,1243,297,11,15,129,2,84,73,12,9,8,19,551,5,0
4,9,217,1042,72,3,11,65,11,559,128,9,7,5,31,739,5,0
10,3,206,22,274,3,14,85,14,1008,145,12,8,8,94,643,4,2
4,10,14,1492,107,5,10,15,3,246,8,19,1,3,18,683,2,3
9,2,253,157,300,3,15,127,15,461,40,1,8,5,62,335,1,2
4,10,98,134,89,14,6,112,9,1311,11,13,6,4,51,433,4,1
9,6,253,1035,203,2,12,12,19,376,105,15,3,7,30,616,5,1
7,4,132,224,166,5,8,6,8,783,87,11,2,8,63,72,5,5
10,2,115,1450,282,4,5,119,18,205,119,13,9,5,73,68,1,0
4,10,295,27,231,8,15,147,20,711,44,1,3,3,44,155,2,4
2,8,35,902,145,13,2,19,12,418,79,14,4,1,94,68,4,5
10,3,296,136,126,7,14,88,4,728,125,1,5,2,75,937,4,4
1,8,176,1142,285,10,7,41,3,866,112,5,2,3,19,769,1,1
6,8,242,1279,30,5,5,23,10,749,80,12,8,2,69,147,5,4
5,5,153,1094,257,12,7,46,16,1091,122,19,3,5,83,582,5,5
7,1,151,118,275,6,11,11,2,868,63,7,4,6,53,458,5,3
7,8,154,753,251,5,9,101,8,306,12,11,2,4,23,184,3,0
7,9,247,767,277,5,2,43,1,231,147,18,1,2,45,442,1,2
3,8,119,1350,103,8,2,65,6,859,33,6,9,6,53,794,4,0
4,6,83,1471,18,7,1,26,9,1022,86,1,3,2,83,903,3,5
1,9,156,853,157,6,1,40,3,876,117,13,5,4,10,217,1,3
8,8,111,1159,140,8,14,46,10,1068,10,11,10,1,99,421,2,5
6,1,138,164,12,8,3,52,11,53,29,18,8,7,15,160,5,3
6,3,199,124,172,8,11,3,15,1092,129,15,10,7,5,239,3,4
3,8,217,1351,214,15,10,95,8,777,56,9,7,5,25,670,1,1
10,10,147,419,69,9,2,141,4,724,81,16,8,2,100,601,5,2
1,9,74,410,94,8,12,74,3,144,147,5,9,5,51,573,1,1
6,1,23,365,227,2,9,8,8,1033,132,20,5,4,75,267,5,1
8,3,221,1395,16,14,7,148,5,1310,70,13,7,10,95,78,3,4
5,6,282,44,32,3,2,55,11,1080,45,6,9,6,71,199,3,0
6,2,243,450,11,12,11,105,18,816,147,9,6,3,80,231,3,2
1,3,300,1023,283,4,3,56,1,495,133,13,2,8,22,983,4,3
6,2,244,982,145,4,8,135,13,234,30,2,8,4,33,558,3,3
4,2,44,1462,282,2,5,145,12,1030,22,3,7,9,8,667,1,3
9,10,27,85,114,4,14,90,8,1148,66,6,10,10,9,994,5,3
9,3,202,217,18,6,3,134,18,402,19,17,9,9,65,296,5,2
1,10,292,1185,76,12,9,67,20,863,95,7,1,2,13,887,1,2
7,4,262,597,159,4,13,83,1,247,57,1,10,1,61,464,1,3
9,1,168,1159,284,13,10,126,14,157,83,5,3,6,72,742,3,2
8,3,44,608,72,2,5,91,16,834,61,10,6,10,52,508,3,1
4,7,186,336,109,2,4,47,17,191,128,2,6,1,79,205,5,1
1,4,114,1448,192,8,5,141,7,1248,151,18,10,4,85,939,3,0
10,5,120,1443,18,6,13,56,8,810,147,3,5,2,77,211,5,4
2,2,31,1188,274,6,4,114,19,604,59,11,5,6,54,679,4,3
4,4,205,1287,52,1,1,80,17,355,131,5,10,7,6,474,5,1
4,9,234,1330,62,3,6,59,13,1153,150,18,4,7,92,512,3,0
1,6,167,1019,172,15,6,110,4,174,46,15,9,10,41,164,3,3
7,10,220,321,82,12,5,34,2,997,135,15,2,6,44,418,5,1
9,6,251,693,32,10,13,95,3,814,81,1,9,3,48,544,4,1
6,1,268,462,75,4,5,115,1,498,10,3,8,4,12,590,5,1
3,7,247,673,23,11,9,129,17,61,91,11,6,8,34,385,3,1
5,9,126,368,100,8,3,46,13,101,77,20,7,6,15,335,3,1
9,10,62,351,286,7,7,120,3,171,133,9,6,6,66,44,5,0
9,4,4,1162,144,3,4,40,12,867,81,11,10,5,65,416,4,0
3,7,248,332,191,4,4,57,7,1000,69,19,5,2,60,952,1,5
2,1,66,1361,200,6,10,113,13,874,9,5,10,8,42,146,2,0
1,3,39,1486,140,1,15,4,15,1088,106,13,6,1,68,273,4,0
8,10,197,1146,66,10,3,42,18,1060,96,3,7,3,27,806,3,5
9,1,75,510,60,4,12,87,1,990,3,18,7,2,25,809,4,1
10,9,7,183,104,7,9,16,6,74,42,12,9,2,88,88,4,5
4,5,105,264,232,3,13,100,16,654,125,8,7,4,12,278,5,0
7,8,158,960,60,9,8,105,8,1089,124,5,3,10,7,888,3,4
6,8,25,1235,208,6,15,56,4,1339,59,13,7,9,40,76,1,2
6,8,293,14,86,12,1,69,12,79,38,17,2,9,86,483,1,5
10,4,101,660,93,2,9,2,10,346,14,4,7,3,42,405,1,3
2,3,190,717,245,2,10,1,6,150,109,4,5,5,75,991,2,2
5,9,193,1437,68,15,6,43,15,746,62,13,9,10,88,307,3,1
4,6,194,1032,172,15,15,67,7,1427,33,20,4,5,72,497,4,5
10,2,236,606,298,4,10,38,2,217,6,11,10,5,95,928,3,0
2,2,116,139,109,10,8,12,19,660,60,2,3,8,31,80,4,1
2,3,195,10,4,14,6,87,4,990,143,4,3,10,23,961,4,4
4,2,41,1218,248,4,5,125,18,1394,108,12,3,4,71,554,3,5
3,8,240,1197,253,10,12,132,4,1274,157,18,8,9,83,38,4,2
10,7,297,638,56,12,9,113,5,1207,90,18,1,10,73,167,4,1
2,1,175,542,83,12,3,92,15,1148,32,4,8,6,11,660,3,3
4,6,191,52,65,13,12,39,7,993,39,18,9,3,56,754,1,2
1,2,59,345,202,12,15,21,18,385,77,10,10,4,21,533,4,3
6,4,228,1434,35,9,9,12,2,353,103,9,2,6,77,876,4,3
6,8,27,993,284,15,8,28,16,565,51,16,8,10,81,159,2,1
4,2,73,1473,178,7,15,89,12,109,158,10,8,2,54,907,4,0
9,10,170,140,122,4,14,65,6,379,12,15,5,6,61,29,2,3
3,7,221,983,117,2,2,136,9,1363,58,6,1,6,12,157,1,3
3,7,177,1315,94,14,9,128,7,583,30,20,1,9,47,775,5,3
6,9,278,691,32,6,4,13,20,1214,96,10,6,6,35,832,4,2
4,3,126,827,215,10,4,122,16,642,131,19,10,9,42,953,1,2
2,5,165,1431,56,2,5,86,15,604,64,1,3,9,55,684,3,1
2,8,29,698,78,2,7,64,14,1200,72,18,3,8,25,349,2,4
6,9,188,1357,72,6,11,37,7,941,33,20,1,10,37,420,3,5
4,4,233,436,222,13,1,142,15,131,150,13,5,5,39,40,2,5
4,5,32,499,83,14,9,40,2,56,70,6,9,10,27,660,2,4
7,6,132,886,211,4,4,52,4,29,155,13,9,8,51,458,1,5
6,9,299,818,37,11,10,19,2,1250,160,14,6,9,41,62,1,1
7,9,276,1143,99,9,3,73,19,586,139,8,6,10,32,261,1,0
4,8,219,1013,193,9,5,40,2,603,141,3,3,9,22,124,2,1
2,9,254,633,235,10,13,81,19,1445,137,6,5,4,88,3,5,0
5,2,159,1473,198,1,3,148,13,533,8,18,4,1,17,402,4,3
9,2,248,908,66,14,14,52,10,137,18,8,4,1,44,999,4,2
10,10,172,1351,126,6,15,118,14,943,79,10,7,8,63,969,4,4
5,1,125,745,83,15,8,148,4,318,82,7,6,3,10,984,5,2
3,1,134,1458,47,11,11,19,12,1257,120,18,6,7,48,630,2,3
10,3,30,1029,201,10,11,109,13,301,29,8,7,6,59,372,4,0
6,9,233,947,38,2,10,140,8,884,11,1,6,5,87,949,4,5
4,8,60,1353,204,15,3,128,20,653,126,13,10,6,19,696,1,3
9,2,66,1470,233,4,1,130,15,819,23,2,10,4,68,931,2,1
2,10,276,1021,5,3,1,84,10,1018,122,12,3,2,51,113,2,4
2,6,221,1303,261,8,7,10,16,1107,114,17,8,10,72,608,2,1
10,10,199,458,204,14,6,122,12,171,30,18,9,1,86,294,3,2
6,1,63,755,299,3,13,81,15,679,79,19,5,1,90,904,3,0
1,5,12,1385,174,2,12,35,2,632,68,12,9,3,44,660,5,4
1,7,167,1500,59,9,9,30,4,1103,37,1,3,10,84,9,2,5
2,6,116,36,188,9,6,96,16,833,27,19,6,1,10,208,4,2
3,5,56,11,18,1,9,149,20,809,33,6,9,2,74,196,4,0
1,6,12,189,111,6,1,93,10,285,130,8,3,7,64,234,4,5
7,4,141,368,246,9,10,18,4,282,114,18,10,4,94,214,2,3
9,7,20,900,140,5,6,83,15,51,75,8,6,8,46,642,4,5
6,2,201,818,144,11,7,130,8,175,23,15,5,7,93,146,4,4
7,10,60,40,45,3,15,113,6,453,2,6,2,2,22,768,2,3
8,1,249,1346,212,15,6,129,9,363,92,6,4,8,6,449,2,4
10,5,135,602,21,15,7,42,18,1111,34,2,2,1,38,651,4,1
2,7,69,1250,172,3,11,143,15,129,54,11,4,6,83,739,3,2
8,9,206,229,252,11,4,38,13,1001,77,7,9,6,75,598,2,0
10,5,20,413,119,12,9,30,10,933,99,16,1,5,13,358,2,0
10,9,200,598,88,13,10,120,14,1127,30,18,2,9,55,734,3,3
6,3,236,473,293,9,14,32,14,417,145,5,6,5,82,695,3,5
5,6,12,494,45,10,4,72,11,712,94,7,10,6,11,425,4,5
7,7,37,1340,35,5,5,98,18,1277,151,19,5,8,74,233,2,4
9,3,171,362,132,7,10,39,14,1278,122,16,9,4,88,862,1,5
3,6,241,89,70,8,12,63,3,1238,148,18,6,9,27,756,1,3
1,7,32,1302,20,7,15,105,15,984,61,15,1,6,13,720,5,5
8,3,212,186,267,3,7,140,14,1474,28,10,5,7,100,896,1,3
6,8,190,1393,162,5,12,84,5,1009,104,1,3,8,77,138,1,5
5,4,287,84,237,8,11,65,4,561,109,11,3,4,81,643,4,2
4,9,144,1214,87,11,12,55,10,931,12,10,6,3,38,345,4,3
10,3,297,421,300,4,2,118,20,399,55,16,1,10,32,622,1,5
2,10,168,857,238,10,1,70,5,949,108,16,8,1,54,688,4,2
9,9,249,1272,147,3,7,25,7,125,158,9,4,5,33,81,2,2
4,10,284,421,276,4,8,124,6,906,57,14,1,5,95,715,3,3
4,10,47,1052,254,6,9,115,15,874,56,8,7,4,94,373,5,4
4,7,261,733,168,10,4,148,17,858,60,10,4,6,46,192,2,4
9,3,13,1310,291,11,6,5,18,754,27,17,1,10,30,94,1,2
2,7,217,551,104,10,11,56,14,1072,10,10,8,9,17,1,1,5
7,1,34,1183,107,8,13,120,19,753,81,11,8,6,34,982,1,4
6,10,277,626,23,8,15,110,15,436,138,5,9,7,51,819,3,4
2,1,158,618,87,7,4,52,12,1029,120,14,7,2,91,504,4,2
5,8,254,990,172,6,13,118,18,558,26,13,3,3,98,44,4,3
8,2,23,315,235,13,15,86,1,1007,65,8,8,5,76,180,5,5
5,5,9,833,58,15,12,38,1,477,127,10,1,7,100,163,5,2
10,4,123,541,102,2,4,44,12,393,124,15,7,9,49,204,3,4
7,8,206,22,246,15,15,58,19,1181,44,20,4,9,65,582,1,3
6,10,63,973,30,13,2,90,10,692,33,2,8,2,9,843,4,5
6,8,12,646,212,15,10,115,8,1199,84,1,5,1,85,964,2,3
4,2,238,982,274,9,6,100,10,214,58,11,8,10,16,453,5,5
6,6,149,595,285,12,7,150,16,625,22,15,2,8,82,528,3,0
7,2,104,1275,138,7,15,78,1,1425,157,14,3,5,56,688,4,1
7,10,33,1427,16,13,11,119,3,109,86,3,2,8,89,473,1,5
1,9,173,480,176,4,5,68,14,878,40,3,9,10,68,448,3,3
8,8,77,1219,50,6,1,133,14,103,25,9,1,3,60,974,5,0
1,6,8,1484,64,13,5,147,8,904,75,12,1,4,74,252,3,1
3,4,122,482,101,5,9,16,19,984,22,19,8,7,9,660,2,1
3,2,5,951,153,7,3,91,6,1449,112,15,6,3,56,288,3,3
8,1,44,521,143,12,7,52,15,1428,157,16,3,3,99,665,3,0
10,7,286,169,79,13,13,61,19,303,110,18,1,8,7,520,2,5
5,2,73,325,238,9,7,96,1,431,78,16,4,3,14,749,2,5
7,1,127,850,171,4,1,42,19,869,78,6,9,8,14,776,2,2
4,9,200,924,161,14,8,128,14,192,57,5,1,9,43,699,3,1
1,4,83,967,7,2,11,142,19,363,90,7,2,8,80,765,1,4
1,8,189,175,24,1,4,85,19,1365,81,18,8,1,98,41,5,2
7,8,201,897,109,12,7,108,7,418,47,11,4,3,41,399,5,0
7,3,62,1035,109,13,13,72,9,656,48,7,7,9,34,620,4,1
10,8,12,250,127,2,15,103,19,917,78,6,8,5,47,71,5,4
1,10,162,547,289,9,11,10,19,399,103,15,9,10,100,18,2,2
7,9,9,495,96,4,15,11,15,368,159,1,2,8,91,617,1,0
7,2,161,936,220,10,2,39,8,1498,155,10,2,5,31,164,5,2
7,5,239,1317,241,7,5,43,5,571,99,1,4,5,28,453,3,2
9,10,50,848,107,8,12,17,6,1300,86,5,4,2,67,89,3,4
4,1,244,1097,157,12,11,137,11,589,47,12,10,8,73,946,5,1
6,3,5,1133,194,8,1,6,13,431,73,3,5,2,16,93,2,5
4,6,11,995,168,13,4,135,9,857,76,5,5,4,71,186,3,2
10,3,125,1031,156,9,7,116,19,751,31,19,5,7,77,659,4,0
4,3,70,552,206,3,4,52,18,361,131,5,10,2,70,409,2,3
9,8,110,1139,248,6,15,104,20,1205,125,5,3,5,94,626,2,3
6,7,125,906,94,9,7,22,4,506,42,7,1,5,31,21,3,1
4,2,68,499,186,5,1,61,17,1035,29,5,4,7,29,83,2,1
6,2,299,180,241,5,10,15,7,1221,136,7,8,8,71,270,5,1
1,2,268,540,57,3,13,101,10,953,68,7,4,2,70,245,4,1
2,2,159,516,227,13,9,38,16,1454,82,11,10,8,67,242,4,5
6,8,248,1104,92,15,14,140,7,1407,119,20,3,3,36,316,4,1
9,1,198,1203,76,8,6,117,1,1374,111,7,7,3,91,831,1,0
8,9,254,833,201,11,2,97,5,560,117,1,6,7,60,22,5,0
5,6,234,124,207,5,12,82,8,862,28,12,6,3,51,241,1,4
2,1,219,1334,58,14,3,90,9,1085,65,10,4,6,51,774,1,4
6,9,166,1073,254,11,5,77,19,380,82,13,8,7,71,334,4,0
10,1,134,538,270,12,3,147,12,918,20,16,3,1,76,187,1,5
3,1,97,455,91,8,3,75,6,177,138,6,1,1,58,351,4,3
7,4,1,572,72,8,7,53,11,1407,120,19,8,1,56,362,1,2
10,7,164,27,6,6,13,102,3,1306,113,9,6,5,53,295,2,2
2,4,111,1198,286,11,12,94,14,1046,134,20,4,2,91,230,4,1
3,3,119,997,14,11,11,129,9,854,27,3,2,3,91,289,2,2
3,2,15,1496,286,4,9,91,9,1243,91,12,9,9,38,223,3,2
9,5,10,891,170,10,14,33,17,1230,52,11,7,5,60,453,5,3
9,10,65,626,186,5,14,1,10,526,55,13,2,8,10,997,2,5
9,3,122,1236,125,3,3,54,16,552,32,17,7,3,52,229,5,1
5,9,236,1198,293,10,11,10,15,779,63,1,6,8,4,674,3,4
2,2,240,374,43,4,15,81,10,1330,8,11,1,10,61,874,1,3
10,2,185,700,202,7,5,120,13,697,119,18,7,3,40,247,5,4
1,2,276,911,6,15,7,46,15,1074,73,13,7,10,45,290,4,3
10,1,96,1416,85,2,9,33,20,1402,154,16,8,9,76,935,5,3
1,1,276,1047,91,5,2,139,3,1026,2,16,6,5,42,100,4,2
5,5,196,537,113,9,7,117,4,712,65,11,2,9,6,724,3,5
7,9,51,1311,215,2,15,149,10,1454,66,9,3,9,66,559,3,4
3,7,202,204,66,2,9,131,12,1296,94,5,10,1,28,987,5,5
6,2,195,10,200,6,9,31,20,975,156,12,1,5,65,896,5,3
1,4,188,688,224,4,11,119,15,1003,148,1,5,5,18,51,2,1
1,7,160,808,87,15,14,107,12,1417,14,12,10,10,62,465,2,1
9,4,102,816,258,2,14,73,13,1262,38,15,10,7,21,288,5,4
9,9,171,1098,155,4,15,64,17,874,2,9,2,8,20,328,2,5
4,3,25,353,149,7,8,101,6,1068,34,2,10,4,63,261,1,2
6,1,103,685,286,14,12,94,2,485,74,20,1,8,29,545,1,1
1,5,108,1497,265,6,1,43,9,1080,15,8,6,8,43,865,5,4
7,1,56,333,247,3,11,17,8,1281,93,10,8,5,23,146,4,3
3,6,220,985,12,4,2,1,7,307,89,14,3,10,78,122,2,1
5,1,197,884,99,3,13,97,13,781,83,14,8,5,32,254,2,3
4,6,291,88,126,9,10,80,9,1151,150,3,5,1,9,126,3,5
3,10,293,171,77,4,11,39,17,258,50,7,5,8,24,487,2,4
9,4,91,1066,175,7,2,131,20,1256,30,9,10,8,96,366,1,3
10,1,209,1110,250,14,5,27,9,401,27,7,6,7,85,601,5,3
9,10,161,985,127,4,7,4,18,511,102,8,1,1,45,616,1,1
6,4,246,1285,155,15,15,9,3,529,75,19,10,2,96,708,4,5
3,8,172,628,205,3,15,2,10,264,113,5,4,1,93,32,3,1
9,10,119,1422,71,9,13,12,4,1333,143,4,3,4,30,796,5,4
3,3,203,69,134,11,4,27,15,99,82,7,2,3,100,620,2,2
4,8,81,1156,293,14,13,107,8,636,135,13,10,2,95,577,5,0
1,9,79,1099,45,10,5,135,16,629,52,20,2,8,2,672,4,1
10,9,72,1373,71,5,11,141,14,1190,117,18,10,7,38,670,1,5
2,5,148,1029,264,6,9,92,16,1148,113,19,6,8,87,885,3,5
4,5,15,692,240,6,14,34,14,123,156,3,5,7,93,866,1,0
7,6,97,118,161,3,6,104,12,1087,76,14,3,4,93,427,2,3
1,5,43,7,246,7,13,127,14,332,93,13,1,4,43,305,3,0
5,2,100,574,229,9,4,146,14,1170,83,15,8,6,73,100,4,3
9,1,169,1338,226,6,10,115,7,90,75,18,4,4,53,919,3,4
5,7,159,1056,112,4,12,5,6,1415,129,14,4,1,50,649,4,2
1,9,133,495,15,13,11,33,3,1226,39,18,9,2,94,130,2,1
6,9,83,293,266,9,5,31,9,1327,122,13,7,7,64,732,1,3
7,8,177,414,72,9,9,90,17,553,26,13,5,3,28,792,2,4
10,6,254,333,148,3,13,127,4,786,57,8,5,10,36,924,3,3
3,5,105,584,267,6,3,51,1,100,112,8,6,5,27,39,4,0
2,10,104,669,156,10,5,33,12,1330,94,6,8,6,37,500,4,0
4,6,74,1252,104,13,7,9,12,769,130,8,7,4,77,612,1,3
2,3,25,441,6,7,15,50,4,142,119,3,4,3,63,547,5,3
9,1,29,343,217,6,10,121,8,1218,105,19,10,4,38,800,3,5
4,6,34,93,110,3,12,81,18,1013,70,17,3,2,10,114,3,4
9,1,1,1171,97,13,3,13,11,335,108,4,9,9,60,896,4,3
10,10,196,90,7,3,7,16,7,352,136,8,4,2,71,433,1,3
2,2,136,345,35,6,6,26,2,1000,128,8,2,8,53,368,3,1
6,4,146,63,66,13,3,138,1,220,111,12,4,8,8,284,4,4
9,3,280,843,140,4,5,107,15,806,17,16,5,10,64,268,2,5
5,1,243,944,157,13,10,50,18,309,50,3,3,1,67,948,4,1
10,9,188,1142,171,3,3,102,2,409,139,15,10,4,83,200,1,2
10,3,226,1307,180,12,12,48,6,1404,5,8,4,6,54,350,3,1
7,9,109,1428,207,2,6,105,10,1330,18,15,6,9,19,4,2,1
10,8,62,498,26,4,4,121,8,665,75,7,1,3,22,859,1,1
9,3,47,1146,245,10,3,127,10,1071,59,20,5,1,83,849,2,1
8,10,201,837,287,6,4,78,8,1116,28,12,7,10,51,821,5,5
9,3,287,647,43,9,1,75,12,1308,153,17,10,6,57,946,2,5
10,3,84,381,66,13,15,118,15,467,152,16,1,8,23,956,3,4
4,1,102,424,265,1,3,4,3,1335,81,4,5,1,53,356,2,1
5,2,207,385,31,14,10,23,8,324,120,7,1,10,94,978,4,2
10,9,219,1034,196,4,11,83,19,203,107,3,8,3,96,593,4,4
7,7,79,498,97,2,13,110,6,1198,79,19,10,6,63,449,3,3
10,6,60,658,1,3,6,120,13,1364,132,10,2,9,71,610,5,4
2,7,59,1234,3,11,14,46,11,1342,71,15,5,2,85,123,2,2
4,10,40,65,51,13,14,148,12,765,104,1,9,1,22,208,1,5
4,2,157,899,118,7,2,30,5,1374,70,20,8,9,19,494,5,3
8,2,143,271,137,8,6,117,2,1121,154,8,8,7,10,630,4,2
4,4,2,1178,169,15,14,90,15,1354,9,11,10,10,97,911,4,2
1,5,126,1466,194,1,15,72,3,1340,55,19,5,5,27,495,2,4
5,5,162,149,212,5,13,94,4,365,3,19,3,3,10,992,5,0
4,4,172,672,96,2,5,59,4,638,5,5,7,2,29,344,3,2
3,2,254,135,25,4,9,1,16,1144,144,2,9,9,71,758,5,0
8,10,285,352,283,3,3,1,18,116,91,5,3,7,42,632,5,5
1,10,1,1343,168,5,8,8,20,226,134,18,9,10,25,538,4,0
6,2,24,594,276,13,1,95,5,1107,25,11,7,10,60,537,5,2
2,3,242,877,181,5,5,41,20,245,135,16,9,7,84,825,1,0
6,6,54,91,244,3,9,144,20,967,63,2,4,8,92,320,3,2
9,4,248,305,218,4,14,93,13,554,14,10,7,4,31,596,1,2
2,7,122,268,291,3,11,40,17,49,84,18,6,10,30,284,2,1
1,7,216,347,271,7,5,122,9,505,69,9,10,6,9,940,3,1
7,2,164,278,29,15,7,41,17,54,3,12,1,7,23,238,4,1
7,6,210,1399,130,6,8,55,7,1293,91,17,8,9,67,202,5,0
4,2,206,289,146,9,9,130,13,1312,153,19,5,9,54,336,3,0
9,10,251,815,81,7,14,86,18,1081,5,8,1,2,92,567,4,2
3,7,168,857,226,13,12,105,16,496,80,20,9,6,92,945,4,1
5,9,16,503,164,10,11,115,1,81,36,9,6,9,77,224,5,0
10,4,6,1480,257,9,10,118,12,1234,99,18,2,1,17,88,2,1
8,3,183,1240,265,10,7,2,8,653,77,16,5,9,29,73,3,4
7,9,246,473,193,5,4,60,17,1387,111,3,1,4,69,309,2,0
10,4,154,838,151,8,6,125,7,130,154,19,4,6,95,175,2,4
3,9,11,685,181,8,14,72,7,31,151,7,10,5,4,556,3,1
5,2,190,1489,289,11,15,93,7,820,57,18,9,6,66,528,1,2
8,10,142,200,40,3,1,73,11,1229,19,17,5,8,50,573,4,2
7,3,10,1196,3,14,15,19,15,796,143,20,3,9,39,600,4,2
7,10,271,637,111,2,5,3,12,662,52,15,5,1,19,940,5,4
7,4,57,1197,142,2,12,17,20,363,135,10,3,5,34,830,3,5
3,2,18,639,16,15,15,19,14,311,149,15,10,10,56,945,3,2
10,10,128,757,241,6,13,115,15,1330,47,17,9,3,90,848,4,1
1,5,296,536,117,2,8,115,12,995,56,13,3,3,85,582,2,0
9,10,300,733,5,11,6,27,14,799,69,18,3,6,82,318,3,2
2,7,194,1136,204,14,13,17,15,340,84,3,5,5,40,129,3,4
8,1,154,362,169,12,5,112,10,350,98,11,1,8,4,246,5,1
8,6,45,944,256,2,7,23,20,784,61,3,2,3,44,309,4,5
2,6,17,1394,103,1,10,65,1,1123,128,15,2,7,47,664,4,4
5,10,107,1064,67,9,14,135,20,272,151,6,6,5,94,429,3,2
2,5,43,13,223,5,1,41,18,816,11,9,1,1,84,447,3,3
9,7,244,644,24,1,15,6,9,730,119,9,2,6,88,145,4,1
4,4,241,908,18,14,14,82,4,673,32,12,8,5,2,1,5,3
5,6,5,74,289,7,6,42,7,706,160,19,9,10,74,261,2,0
9,7,300,851,256,14,7,63,5,822,26,8,6,8,31,762,1,3
5,5,280,323,99,10,12,27,13,887,149,20,3,6,2,720,5,1
6,2,139,1040,84,9,10,14,13,505,66,11,10,2,41,808,3,0
1,5,1,690,29,10,8,23,4,1204,17,10,6,9,52,52,5,4
4,10,276,617,244,4,13,94,16,172,76,6,3,9,96,884,1,4
7,5,166,507,157,12,5,105,13,651,140,11,1,4,28,933,2,5
6,1,38,1087,69,10,3,115,16,644,117,16,9,10,61,617,4,3
7,7,264,1043,120,3,6,88,7,577,140,14,1,7,68,263,3,0
9,10,181,120,288,13,8,22,14,511,14,17,2,8,33,17,2,1
1,6,65,217,92,6,13,71,16,863,20,7,6,10,90,256,5,3
6,1,186,466,93,10,8,32,5,1320,139,11,8,10,57,98,1,2
6,7,161,596,47,3,11,146,7,555,40,5,6,4,10,855,1,2
1,9,241,435,128,15,8,58,4,22,63,6,10,4,16,644,1,3
2,1,144,326,227,10,3,11,14,216,152,13,1,5,2,616,1,1
4,5,158,1012,73,10,14,99,18,1213,93,7,4,1,34,426,5,3
2,2,46,329,243,3,9,92,18,1381,53,13,7,3,94,536,2,1
8,3,235,29,119,7,10,75,10,434,120,8,9,5,49,511,2,1
2,7,142,988,261,10,4,70,7,344,3,17,3,2,17,118,5,0
1,3,160,149,205,5,13,99,6,265,148,2,5,5,98,440,2,5
4,5,155,280,157,13,3,89,17,95,5,7,5,7,77,922,3,4
8,10,144,269,1,5,7,18,6,781,145,6,6,1,23,124,1,0
4,10,6,620,189,7,13,61,14,652,17,2,3,9,70,537,3,1
4,5,35,636,130,15,10,12,6,730,67,3,7,1,15,9,5,0
5,3,141,438,89,8,4,55,7,1448,157,17,8,6,57,225,5,4
10,6,217,1171,90,11,4,67,12,475,40,8,2,3,68,505,5,4
9,1,218,214,128,13,4,34,20,1062,129,5,6,7,21,243,1,3
4,4,190,814,180,4,2,57,3,601,139,17,4,1,68,189,5,5
8,5,92,1434,247,6,4,134,19,210,13,17,4,3,11,297,2,1
7,6,288,1268,240,2,9,69,7,650,28,10,8,3,54,32,1,0
4,2,125,140,100,3,15,126,13,768,146,19,3,2,3,600,2,2
6,1,292,1026,94,15,6,56,1,807,80,17,8,10,46,443,4,3
10,8,181,1401,275,12,15,96,11,888,140,14,1,9,78,968,4,3
10,5,229,957,161,11,13,136,18,337,146,8,2,7,32,463,3,3
6,1,108,1294,45,6,6,25,2,1133,134,15,7,10,9,528,5,0
9,7,182,798,93,5,14,109,11,356,42,16,6,6,77,2,2,5
7,7,278,254,170,12,3,9,11,949,25,2,7,6,63,842,1,4
4,8,137,1057,257,11,7,129,19,1180,137,3,10,7,51,514,1,5
1,3,176,1276,162,9,3,139,10,1375,46,7,10,3,50,157,5,3
5,8,255,636,202,9,12,100,1,902,109,9,3,8,3,342,1,3
9,7,210,386,128,2,4,3,20,616,39,18,3,9,77,204,3,5
1,6,194,819,72,3,7,125,9,1236,19,2,7,10,53,875,4,2
2,2,95,172,222,14,3,26,1,1142,27,14,10,6,44,317,5,1
2,2,54,55,233,12,5,123,10,821,57,10,1,9,61,703,1,1
4,8,155,422,267,13,6,150,9,1431,67,17,4,2,36,875,5,5
8,3,96,822,26,8,9,85,3,520,51,20,9,9,10,856,1,3
2,3,200,427,161,11,12,140,14,1346,18,17,10,8,66,792,5,2
4,8,227,231,169,6,2,109,7,357,14,16,2,10,32,53,4,4
3,5,75,1306,106,11,13,123,15,643,76,15,9,8,96,131,4,2
2,7,143,1441,218,8,1,133,13,95,68,6,8,10,28,485,5,4
3,9,182,525,156,9,4,123,11,1259,58,7,9,9,58,374,2,5
6,1,133,934,123,15,15,18,2,154,112,14,3,3,22,215,1,0
4,1,141,846,57,11,5,88,2,1228,83,19,2,9,24,546,5,0
3,1,147,285,200,2,8,84,17,89,120,14,7,8,75,56,1,5
9,5,171,331,88,5,12,59,14,1195,115,7,7,9,96,133,1,3
7,10,10,683,196,14,4,22,8,34,119,7,4,9,10,638,5,1
6,10,49,445,77,14,2,37,2,30,100,4,4,10,13,312,4,5
10,10,286,1206,106,2,6,44,3,265,71,3,3,9,22,129,2,0
8,3,298,302,251,8,8,34,3,1187,51,2,2,1,66,533,3,2
9,4,44,1045,122,1,6,117,8,620,26,6,6,9,52,651,1,4
3,5,31,120,172,13,12,135,14,903,117,6,1,5,50,792,5,2
8,1,132,245,155,8,11,1,1,479,90,3,1,6,27,528,3,3
7,1,18,1407,4,5,14,106,8,609,16,20,1,3,43,935,2,4
4,10,280,1272,278,9,5,16,2,1149,38,4,7,4,83,530,2,1
8,6,97,1436,53,15,2,83,20,385,45,8,3,1,82,673,5,5
4,7,98,1274,87,13,14,96,2,1475,2,20,6,2,83,131,4,0
3,1,198,714,171,7,1,57,12,914,87,12,3,10,71,695,4,4
4,10,217,59,81,7,2,122,3,217,43,1,10,9,76,568,1,2
3,7,16,906,53,13,2,43,6,162,42,14,6,10,55,560,3,1
7,8,85,153,17,15,8,23,6,1308,48,3,6,2,22,604,3,0
5,4,100,404,59,15,7,58,10,261,71,9,4,1,35,479,5,1
5,7,104,1450,156,3,13,50,12,922,95,16,3,4,62,100,5,3
5,4,67,1003,108,15,15,96,9,366,23,3,10,1,84,975,4,2
1,9,56,842,117,5,10,35,17,1436,75,1,7,9,73,648,1,1
7,10,193,834,173,6,2,133,20,1270,15,16,3,2,80,548,5,2
6,10,75,306,254,14,11,134,4,1029,90,11,5,10,95,321,1,3
7,9,19,501,111,13,8,110,14,923,4,11,8,10,90,708,3,0
9,5,57,53,172,8,8,61,19,217,50,16,9,1,4,37,1,0
8,4,170,1080,102,11,6,97,5,1006,20,5,4,7,18,754,5,4
6,2,101,483,162,13,15,108,16,906,43,2,8,2,25,526,5,1
9,5,166,933,156,12,8,17,5,565,84,19,8,4,77,531,5,2
10,3,138,984,23,7,14,65,17,1135,40,7,8,3,13,681,5,3
7,1,250,412,64,2,5,89,9,1466,53,3,6,9,9,803,1,4
2,10,201,1426,243,9,15,29,3,204,22,10,9,5,22,704,2,0
7,6,103,1122,156,12,14,118,7,845,54,5,7,8,63,4,4,3
3,3,210,1064,264,2,2,103,7,1285,130,8,4,7,34,891,4,0
1,10,195,48,51,14,12,101,3,807,83,5,8,5,45,368,5,4
6,3,60,203,24,13,7,45,3,291,41,4,1,5,78,603,4,4
3,2,5,830,11,3,8,69,8,371,77,8,1,2,11,478,2,3
3,7,242,1007,30,15,2,26,10,145,72,14,8,9,15,154,5,4
1,1,200,802,240,9,4,145,7,1010,81,15,3,9,89,504,2,3
9,1,203,439,214,2,9,31,18,610,53,18,6,3,18,10,1,5
1,2,254,457,17,15,3,116,1,1155,43,19,1,4,63,339,3,0
1,3,118,1441,43,6,14,99,10,45,1,7,1,10,97,723,5,2
7,10,243,303,73,11,3,14,14,161,34,18,1,7,94,149,1,1
9,10,166,1039,2,12,4,82,19,697,31,5,8,8,55,195,3,4
1,2,297,645,267,7,5,58,12,245,120,7,3,2,70,90,2,3
7,4,28,514,150,6,1,5,8,226,61,20,4,1,2,644,1,4
8,4,266,119,286,13,4,83,6,486,69,13,5,9,53,105,3,5
4,3,73,242,210,10,4,29,8,756,151,16,10,7,80,361,5,2
2,8,239,413,80,8,9,8,6,483,133,3,3,4,59,383,4,0
6,5,155,427,28,10,12,77,12,671,6,5,4,3,38,344,1,1
2,7,266,594,290,5,2,25,15,949,107,19,3,9,72,961,5,1
5,2,101,724,268,9,2,124,16,608,16,11,10,8,16,19,1,0
3,4,163,990,247,15,2,61,19,478,28,12,7,10,23,378,3,3
1,10,286,941,181,8,7,78,17,702,145,12,7,2,31,740,4,2
1,7,38,1187,89,15,4,115,5,268,155,13,4,7,37,721,1,3
7,2,178,285,260,9,7,22,20,60,76,20,10,10,19,83,1,4
6,3,283,277,291,6,13,5,15,924,37,3,5,6,5,172,2,4
2,2,172,1343,194,10,6,78,14,907,49,17,9,2,44,465,2,2
2,7,193,445,142,10,6,82,20,351,103,12,4,7,62,550,3,3
10,8,100,859,108,1,5,107,20,835,98,2,3,1,7,914,5,4
9,1,31,466,238,12,13,108,6,1286,118,2,10,5,54,531,5,4
5,2,41,865,163,5,5,9,11,529,79,2,4,4,11,104,5,0
9,7,163,1240,141,2,2,142,15,967,146,15,4,8,80,287,3,1
2,9,128,152,68,15,6,76,8,876,22,1,1,8,70,881,2,4
5,10,105,208,150,12,15,114,1,596,49,4,6,5,9,424,4,1
3,8,90,660,271,8,8,90,17,1049,153,7,9,8,89,252,4,4
5,3,53,285,97,9,9,53,18,969,73,5,8,6,62,785,1,3
8,1,271,390,194,12,15,148,11,444,16,17,5,10,3,859,4,0
4,1,2,897,125,12,10,66,16,1172,141,12,6,5,8,824,1,4
4,5,300,1171,177,5,4,137,15,1363,28,6,3,1,64,521,2,0
5,3,193,482,32,10,8,102,16,1122,75,14,10,1,51,560,3,3
2,6,151,886,29,5,15,72,14,1488,147,17,9,10,23,776,5,3
5,9,296,254,223,15,10,43,11,1472,114,8,6,9,94,680,4,4
9,9,40,1136,2,3,12,24,9,709,146,8,3,10,98,440,1,3
9,8,195,720,2,3,7,65,17,444,51,20,7,10,85,295,3,5
6,3,244,1395,297,11,10,31,16,706,152,13,2,5,27,643,2,5
1,6,217,160,20,10,2,67,3,1241,15,17,5,7,92,98,2,4
4,8,34,1101,141,7,10,137,16,980,47,7,8,4,52,274,2,3
5,10,162,1294,26,13,11,34,5,765,98,16,2,10,52,530,4,1
2,9,122,1154,47,11,1,84,3,253,82,5,4,1,40,878,5,5
3,10,179,1387,22,7,11,15,9,175,57,18,2,6,50,696,4,2
6,9,6,330,137,2,11,146,6,628,76,10,10,6,35,959,5,5
7,3,101,1078,238,10,8,65,19,375,85,2,1,8,69,179,1,5
4,6,148,1293,20,3,12,26,17,1375,87,4,4,3,53,303,3,0
2,5,211,1444,180,11,15,138,16,1408,59,1,8,10,67,448,5,0
4,2,136,235,14,8,15,128,3,1340,110,18,8,8,93,152,1,5
8,2,198,418,299,11,6,72,4,1135,111,6,8,4,31,761,5,0
10,6,55,328,94,10,15,9,2,339,73,3,8,5,87,558,1,5
1,7,230,1154,143,2,7,7,6,483,97,17,6,5,44,105,4,3
6,1,150,223,208,6,1,139,11,752,75,13,4,7,70,498,2,4
3,3,214,1309,246,5,9,99,11,716,57,14,6,1,92,403,1,1
6,6,246,1081,256,4,10,123,11,675,97,1,5,3,50,12,4,0
3,8,14,348,149,11,4,103,14,1170,138,11,4,7,12,950,2,1
5,2,121,1221,162,9,13,95,2,710,21,11,3,6,99,64,4,0
5,8,228,829,295,1,4,1,17,110,39,6,3,10,85,913,5,4
2,4,229,1019,210,1,4,35,1,369,85,13,9,2,61,899,4,3
3,7,229,832,55,10,12,149,8,1439,93,15,7,2,97,104,2,4
7,1,161,32,273,10,13,133,13,115,41,9,6,6,71,853,3,1
9,4,10,1130,82,10,1,147,19,360,124,10,3,5,10,672,1,0
5,4,80,98,69,14,1,37,1,910,72,14,8,3,7,680,4,1
5,10,236,240,175,14,14,125,11,71,4,17,3,6,65,1000,3,2
6,6,88,929,51,11,6,106,7,1398,88,15,4,7,9,951,2,4
9,10,216,790,81,5,15,99,20,624,2,12,6,7,62,524,5,0
7,6,181,579,172,15,8,125,15,1337,131,2,3,3,50,27,4,0
9,4,170,362,277,5,5,140,1,1387,72,7,7,2,50,41,5,5
5,8,179,389,1,14,6,53,12,367,25,10,4,9,80,809,4,4
5,9,277,2,164,6,3,86,16,933,23,19,1,3,46,818,1,3
8,7,39,1159,99,10,4,119,3,403,11,11,3,5,58,35,3,3
3,6,114,712,221,2,14,82,3,958,97,19,6,8,42,580,4,4
3,1,103,786,296,9,3,11,19,1432,97,16,8,1,45,261,2,4
7,3,85,1178,115,2,9,51,13,1262,148,6,7,2,75,246,4,2
4,8,257,1349,171,13,4,69,11,896,150,15,8,6,13,757,1,4
7,7,186,954,239,9,3,64,18,782,86,11,2,3,76,269,2,4
10,2,222,1356,194,6,9,113,6,475,23,14,9,3,10,963,3,2
8,5,290,987,245,8,8,3,9,1247,131,10,7,9,64,569,4,4
6,3,94,383,159,3,15,113,11,155,136,13,6,1,96,285,3,1
3,8,133,940,158,4,9,128,19,1069,65,11,7,8,59,94,1,4
2,8,209,662,231,10,13,25,7,1006,34,16,6,1,36,340,1,2
2,5,24,1345,212,7,2,31,12,1400,100,4,5,2,98,695,3,5
8,5,280,1247,10,10,12,62,2,1130,44,3,9,1,35,284,3,3
2,1,75,165,19,7,3,55,6,365,38,10,2,1,59,443,3,0
2,5,37,1171,22,11,5,59,8,765,150,16,2,8,87,847,1,1
9,7,29,281,64,11,9,122,6,1392,131,12,7,9,78,175,3,4
2,4,99,869,13,13,15,79,5,1336,111,9,5,7,42,397,5,0
5,10,276,107,188,14,10,18,19,353,103,10,6,8,55,433,1,3
10,6,1,945,76,9,7,63,20,649,131,17,5,6,70,701,3,3
3,7,113,745,240,15,7,105,10,413,138,8,6,9,83,759,4,1
5,2,92,1466,172,9,13,83,8,822,129,2,8,5,45,548,1,0
6,10,286,416,266,8,1,89,11,1482,158,19,4,9,12,527,3,3
5,9,245,533,215,5,4,150,17,1396,47,3,6,4,2,77,1,4
6,8,169,1427,123,1,8,89,15,543,121,8,1,2,98,488,5,0
1,9,168,624,212,14,1,109,11,647,137,5,2,7,77,191,2,0
4,8,235,636,226,7,1,131,11,649,110,16,8,7,82,584,3,5
1,2,227,121,117,15,5,36,8,294,49,12,3,9,23,319,1,1
1,9,113,904,57,9,12,35,2,1117,12,18,2,5,100,721,1,0
2,4,214,505,134,8,11,149,2,110,133,1,9,2,77,214,2,2
9,10,82,379,287,9,5,111,15,895,76,18,5,9,88,146,2,3
9,3,184,1106,145,3,1,11,5,1171,4,1,8,9,26,280,2,0
10,8,300,483,202,3,11,101,10,1421,119,3,9,2,88,422,4,0
1,2,99,706,5,9,9,82,16,1050,39,5,4,9,62,19,5,4
6,5,226,881,162,5,13,104,10,335,116,19,6,9,84,58,4,4
9,7,106,703,106,14,5,19,20,1438,19,15,3,2,8,332,5,3
5,10,248,53,48,9,2,9,19,1231,54,19,6,1,71,990,4,2
6,8,14,790,131,4,3,104,16,1398,148,12,3,5,39,339,4,2
9,5,238,1244,84,1,14,132,20,1444,131,12,1,10,70,115,2,1
7,9,70,1192,109,3,15,136,13,353,133,9,5,7,30,114,5,2
7,9,83,458,264,8,9,104,17,392,72,20,10,8,46,838,1,3
3,8,6,1141,282,7,4,67,11,526,2,3,6,7,90,14,3,1
8,9,142,656,299,14,15,148,3,923,155,1,10,5,47,908,1,5
8,8,131,1235,1,4,13,83,20,1376,42,7,3,3,94,899,1,4
8,8,171,1344,180,13,4,4,6,1208,14,14,5,8,83,95,4,5
8,9,79,1247,70,10,12,142,6,202,4,6,9,3,83,65,4,2
10,7,235,321,120,8,1,39,17,1038,42,14,9,2,64,147,3,4
6,8,111,1077,247,9,9,1,19,720,14,9,5,8,64,315,5,1
1,3,62,1120,164,4,8,121,16,268,21,15,4,1,43,490,1,4
2,2,280,394,52,3,14,84,16,1097,103,14,8,2,2,469,5,2
5,7,148,201,133,3,4,10,7,271,149,2,9,3,49,749,3,0
7,6,104,207,165,3,2,36,10,1285,31,4,6,6,11,240,4,5
7,7,125,944,243,15,12,131,3,1268,136,19,10,3,5,858,4,1
3,6,261,546,110,7,1,75,8,1253,19,3,2,5,96,592,4,4
10,4,255,1079,133,9,14,64,4,1472,26,1,7,2,72,879,5,0
7,1,213,612,140,11,4,142,6,338,7,3,10,4,14,639,1,2
4,8,225,806,146,8,4,92,1,299,57,16,7,7,4,412,3,1
6,9,71,366,191,4,2,35,19,208,34,20,8,7,49,800,1,0
1,6,139,1380,202,13,5,109,18,464,156,9,7,1,34,514,5,4
3,4,22,85,59,2,10,26,6,341,151,19,7,9,85,969,2,3
2,7,241,372,296,8,10,16,1,1393,135,6,9,8,44,504,5,1
8,8,239,346,126,6,13,44,18,1476,39,8,2,6,69,190,3,2
2,9,160,679,116,6,9,98,9,75,128,8,5,8,19,171,5,0
2,5,187,848,33,10,14,96,8,753,46,3,9,4,68,283,3,5
8,3,82,991,200,14,8,92,19,1069,64,2,3,9,85,854,4,5
10,8,107,694,258,5,2,30,13,1362,111,11,6,8,69,908,4,5
1,2,205,1465,274,14,4,135,4,1171,17,13,9,3,26,138,4,1
6,3,41,1393,169,10,14,148,5,992,46,11,7,1,18,747,1,2
9,6,186,839,1,6,7,8,17,192,115,4,1,7,54,984,4,5
9,7,37,395,107,12,2,81,15,536,64,20,10,3,100,921,3,0
8,8,45,337,2,2,12,31,9,1358,42,1,8,4,76,41,2,0
6,10,158,762,154,14,4,94,14,1406,60,11,4,5,34,70,4,0
5,9,292,326,65,15,14,101,4,1473,71,3,9,3,74,618,5,2
1,8,13,910,243,15,10,62,7,307,109,18,2,6,99,33,4,0
9,4,69,467,295,5,6,52,15,843,126,11,1,4,30,988,5,3
1,8,224,276,267,3,12,9,13,1375,79,5,9,6,13,428,2,2
4,9,143,853,253,2,13,45,4,678,159,9,2,8,51,713,1,5
3,4,206,558,111,6,4,91,2,455,102,5,9,1,46,648,1,3
10,9,49,1178,206,7,6,116,20,694,49,5,4,10,28,14,1,1
2,2,52,1306,56,1,13,35,14,1150,124,4,10,2,97,304,3,1
2,9,6,296,277,8,3,17,9,1046,112,13,4,10,44,118,5,1
4,8,299,1290,226,6,13,136,12,1060,153,13,7,5,81,471,1,2
7,10,36,451,234,14,13,12,6,1071,91,8,7,5,34,999,3,1
5,7,206,1143,185,9,11,26,4,1064,28,17,1,7,4,58,5,3
10,4,191,716,39,7,7,54,13,747,66,4,8,2,28,844,1,1
8,4,187,182,199,10,12,123,3,1430,125,8,7,4,72,231,1,2
2,1,159,13,204,2,4,129,1,1419,102,6,3,10,19,982,4,3
7,4,17,1165,154,3,9,99,10,564,62,1,4,3,8,246,2,0
5,4,17,1002,268,3,4,120,3,38,69,14,6,4,69,526,5,1
5,5,220,344,212,7,9,24,9,906,121,2,8,5,82,707,2,4
4,3,186,753,60,3,9,41,11,1427,32,11,7,1,93,657,4,0
1,8,254,809,26,6,10,126,5,425,2,7,6,8,78,376,1,3
3,7,183,1131,144,13,15,21,2,1461,52,9,8,8,15,500,1,5
3,10,292,783,93,2,12,139,11,712,98,11,1,4,63,123,4,0
2,4,80,376,146,1,1,34,18,24,148,3,6,2,49,766,1,3
7,5,221,645,283,14,13,10,4,1262,10,1,5,9,35,87,4,5
8,1,40,592,116,11,5,29,17,630,64,19,8,9,7,270,1,0
7,4,31,571,180,6,2,105,16,1345,136,15,10,6,84,564,4,1
6,8,275,932,288,4,11,47,17,439,76,12,10,4,73,543,2,3
10,1,61,412,14,14,7,7,18,748,126,6,5,6,37,619,2,5
2,10,63,755,83,9,5,133,11,421,104,13,3,1,71,50,1,4
5,9,13,397,184,9,5,8,11,960,10,19,7,8,69,257,1,3
5,5,87,389,260,14,10,32,3,1102,67,8,4,8,42,884,5,4
4,10,280,1182,262,7,5,148,16,1471,71,7,5,8,54,24,5,2
8,8,15,1336,279,6,9,103,7,1473,139,6,3,3,20,834,2,3
4,2,259,754,81,14,14,92,10,1110,146,5,6,9,13,872,1,0
2,5,44,1462,158,10,2,24,17,658,108,1,2,5,20,832,4,1
3,9,187,90,18,5,6,67,8,105,141,15,3,2,17,413,3,1
10,9,1,27,81,5,14,99,14,652,105,5,5,3,86,167,2,5
1,7,134,23,152,11,13,52,6,357,26,4,10,7,12,954,3,2
3,7,118,120,62,1,15,78,16,653,63,2,3,2,39,340,1,1
3,1,123,1304,11,8,10,80,19,843,118,10,1,6,52,72,5,5
6,3,89,1401,91,5,15,109,12,1293,45,15,9,4,27,922,1,1
6,10,68,575,66,1,11,70,4,972,71,3,8,6,24,861,3,0
8,4,190,184,250,8,11,69,12,499,145,3,2,2,63,281,4,1
7,10,257,529,213,5,14,143,13,729,23,11,7,8,96,658,1,5
3,7,6,458,119,2,2,137,2,1038,59,1,3,5,65,330,2,0
9,6,118,1030,29,13,5,23,14,1261,15,18,10,4,2,384,5,2
7,2,17,398,152,15,15,73,15,467,21,6,8,8,4,352,2,0
6,3,231,699,206,7,8,86,15,633,30,9,8,4,17,772,2,5
1,4,23,213,146,4,8,4,17,1077,61,3,4,9,50,338,2,5
5,1,97,747,174,15,15,148,1,774,4,11,5,1,42,277,3,2
9,3,63,1438,246,12,7,124,1,858,120,9,1,9,84,246,5,2
7,7,160,399,168,8,13,12,18,1293,16,20,2,1,19,793,4,3
9,7,265,317,161,5,9,102,8,313,136,16,5,8,21,930,5,0
5,6,139,277,246,10,8,84,20,621,128,16,8,3,46,911,2,1
5,3,189,84,272,7,12,16,10,1447,146,8,1,8,59,866,2,4
7,9,86,1148,34,9,10,12,17,611,60,14,8,2,73,366,3,1
2,10,53,930,296,7,8,144,14,1370,123,1,6,10,49,195,5,0
3,10,44,45,279,11,3,45,4,627,8,13,10,9,14,408,1,3
5,1,279,152,248,8,2,36,7,1472,95,8,8,4,12,909,1,1
6,4,269,1123,199,8,8,70,8,97,116,9,6,5,96,649,1,5
2,2,154,996,136,10,3,52,5,721,33,3,3,2,79,26,5,2
6,4,300,1453,10,12,13,113,1,517,9,8,3,5,62,953,3,2
6,3,50,71,268,10,5,57,8,1408,100,12,3,6,32,616,2,1
4,8,82,1355,231,14,1,114,17,190,36,17,2,5,95,290,2,4
4,2,286,276,189,5,11,129,12,527,92,18,4,1,7,869,3,5
3,1,100,364,272,13,14,17,19,559,54,19,8,2,97,820,4,0
1,3,202,108,109,9,9,97,6,1299,149,6,4,8,95,389,2,5
2,8,198,612,274,4,8,14,18,97,49,18,3,1,12,480,5,1
10,1,60,842,208,5,9,117,9,501,23,3,3,4,84,699,2,2
2,7,45,1052,207,6,13,27,15,602,10,2,10,10,44,240,4,4
3,4,164,1489,44,9,5,150,20,37,94,5,7,9,29,402,2,1
7,1,25,1320,97,14,6,30,5,1116,43,1,1,1,43,397,2,5
5,4,198,1363,273,6,12,95,2,1420,67,17,4,3,61,618,5,2
2,4,36,1313,282,13,2,138,12,1218,18,15,5,2,23,717,2,0
8,3,153,1038,270,4,15,87,3,442,103,16,2,2,15,285,1,4
6,1,297,821,103,1,14,1,5,704,43,19,4,10,12,412,2,2
4,6,135,1418,131,5,9,76,17,1269,20,3,8,9,73,454,2,1
5,10,102,691,295,14,5,75,5,425,133,3,4,3,97,339,3,4
6,7,162,613,262,14,4,56,4,655,36,13,2,6,50,265,3,1
9,8,169,278,93,14,9,81,12,1337,47,4,1,4,16,834,3,3
4,9,245,58,162,12,5,18,13,34,34,13,1,1,66,525,3,0
6,5,174,5,58,2,5,122,10,1403,126,19,1,7,51,182,2,0
5,4,172,1030,201,12,4,112,14,270,20,13,4,4,22,379,1,1
4,9,5,279,62,10,5,128,3,1219,97,17,8,2,14,456,2,5
1,8,131,442,16,4,7,7,18,888,3,19,10,2,98,153,2,5
1,2,299,842,244,13,8,70,1,1237,146,11,7,2,63,715,1,0
7,8,211,978,74,7,5,130,12,952,61,4,1,10,42,666,5,4
10,5,296,1094,211,1,6,111,20,483,134,19,7,8,59,348,1,5
7,3,298,1224,143,10,13,67,2,291,24,16,10,6,60,654,4,5
6,6,78,312,210,1,1,95,8,722,125,9,1,10,55,274,3,5
8,1,135,955,222,3,14,46,13,1054,137,10,9,10,69,128,2,2
2,9,20,661,90,10,4,67,4,257,81,6,5,6,93,240,1,4
3,7,129,290,245,7,10,50,8,575,91,16,2,6,40,791,4,2
2,8,121,892,22,10,12,132,10,472,151,9,3,8,84,784,1,3
8,9,232,1306,5,10,10,4,7,386,70,2,8,1,11,631,5,3
2,8,108,1404,167,2,3,110,19,478,73,12,8,6,70,139,4,3
1,5,161,724,125,13,3,129,12,704,91,9,8,9,26,964,3,2
9,7,124,905,30,4,4,99,15,1339,14,4,5,4,88,322,1,0
2,1,183,208,122,3,4,135,18,795,145,5,7,2,93,621,2,0
8,3,183,881,148,14,2,113,20,1031,51,18,6,5,26,560,1,3
4,9,235,365,269,8,5,65,2,1185,26,20,1,4,55,696,1,0
5,3,62,937,19,6,12,100,14,347,57,2,8,6,88,548,4,1
4,1,251,1100,45,15,11,130,4,881,39,15,5,8,11,665,5,0
10,2,297,1026,19,11,5,138,4,1310,130,4,1,6,86,898,1,5
10,5,261,845,268,11,8,81,3,272,116,13,7,8,3,1,5,0
9,1,46,1173,99,9,11,53,19,337,56,7,4,3,53,598,5,5
1,2,189,253,247,8,15,6,11,363,144,1,1,10,33,452,3,3
6,7,79,675,166,13,2,112,14,287,149,15,2,6,81,329,4,4
10,4,160,633,194,5,4,119,13,406,159,7,2,4,74,361,1,2
6,4,239,1375,55,11,1,129,10,119,30,13,1,10,19,137,5,4
8,9,300,1255,147,14,4,35,9,555,126,18,6,4,47,813,5,4
8,3,78,1390,156,8,15,94,16,779,11,8,7,10,20,854,4,3
7,1,111,243,56,14,5,8,11,316,138,5,4,4,88,24,3,4
10,4,209,655,134,3,2,39,16,54,126,8,4,1,9,798,3,4
9,4,294,312,222,4,3,147,8,728,56,7,7,4,38,229,1,2
9,10,11,433,252,10,9,20,16,42,14,20,1,3,82,438,1,2
4,9,204,846,84,11,9,98,13,906,92,18,9,9,39,46,3,4
2,7,137,599,211,10,7,135,5,1207,49,2,1,3,21,51,3,0
8,3,121,1481,24,5,15,132,10,1114,61,16,6,1,74,619,1,5
6,9,101,598,266,7,10,49,17,1128,142,3,9,10,7,123,1,0
8,2,57,522,224,13,4,48,10,401,110,6,1,7,90,153,5,3
8,4,35,1479,237,8,3,116,3,519,132,17,4,10,97,11,5,5
7,7,269,205,217,12,14,142,8,1497,10,3,2,1,75,442,5,3
2,5,299,1175,208,13,3,110,16,675,154,3,4,7,84,647,2,5
4,1,75,1434,27,4,8,30,1,1118,145,16,6,3,51,771,3,0
10,1,62,30,121,10,10,71,15,1134,52,10,4,9,14,946,1,1
8,5,126,1252,179,4,6,72,19,109,116,11,3,2,41,217,3,2
6,5,129,1053,7,9,8,49,14,296,52,14,4,9,87,617,3,0
1,9,153,889,142,8,7,66,4,1455,98,9,7,10,97,97,1,3
9,2,203,675,242,8,9,141,11,1390,32,3,9,1,53,105,5,5
5,1,84,673,270,2,1,83,13,1485,86,2,5,10,5,899,1,1
7,2,60,99,204,1,10,80,12,467,136,10,10,5,12,549,1,2
6,2,100,147,91,7,5,36,12,1122,55,6,4,3,57,163,1,4
6,9,15,187,81,11,8,98,14,1160,2,7,6,4,43,469,3,1
9,1,139,1292,268,5,13,27,14,1330,113,3,6,3,36,965,4,1
6,10,50,955,287,9,9,62,17,715,69,11,3,10,37,436,4,1
1,3,83,217,55,2,2,57,15,1351,44,20,7,9,75,777,2,4
9,8,110,1129,17,3,1,36,6,722,85,13,8,7,37,277,2,5
7,3,23,313,52,7,8,7,6,156,137,6,4,5,9,818,1,3
6,7,9,1334,214,1,2,56,1,824,79,14,10,9,85,273,5,1
9,7,286,988,250,8,1,126,5,792,147,3,4,10,8,564,2,2
5,2,231,373,74,4,10,104,1,794,134,12,4,5,46,555,4,3
7,2,242,1264,147,14,2,7,16,357,141,15,2,9,4,549,3,5
8,6,70,1085,183,11,14,92,19,637,118,19,7,8,46,545,1,5
5,9,33,968,88,3,10,147,18,577,111,2,9,7,32,107,2,2
2,3,145,1021,75,15,1,46,4,1485,12,2,2,9,3,9,4,1
9,3,142,850,226,4,2,25,5,130,93,16,3,1,53,478,1,2
8,6,130,877,141,11,13,125,7,1311,25,15,6,7,68,727,4,2
2,7,216,248,65,10,5,137,3,1040,61,3,5,1,5,925,3,2
2,3,210,159,266,8,12,146,4,999,128,1,9,2,41,774,4,1
5,3,250,19,50,4,10,71,18,691,140,8,3,9,71,460,4,0
7,9,212,633,128,2,6,116,5,1491,60,5,7,3,11,705,1,2
8,3,288,1186,293,9,15,101,9,1069,83,20,5,7,100,850,4,2
8,3,90,515,74,8,6,136,18,825,31,18,6,7,47,802,4,1
3,1,102,576,23,6,6,20,14,256,23,19,3,7,46,355,3,2
5,8,253,492,32,15,10,11,8,1113,29,20,1,6,35,790,2,5
9,4,200,506,295,15,5,147,19,163,113,15,1,6,49,964,1,1
4,6,232,1050,10,10,2,20,16,568,78,8,5,7,72,63,4,0
2,10,3,128,209,5,5,112,15,77,129,5,10,1,67,898,2,4
8,2,148,1191,156,8,3,76,8,1032,138,12,6,4,38,373,3,5
9,1,221,938,214,12,2,10,11,133,102,17,8,5,2,854,1,1
3,2,5,1039,211,14,6,141,1,879,137,1,5,1,63,14,3,4
5,3,153,961,178,11,2,14,4,187,151,3,9,6,26,138,1,2
10,7,130,1428,289,14,8,6,7,1473,44,17,2,7,62,394,2,1
5,5,142,876,21,9,3,58,16,1380,126,6,6,6,45,109,5,4
1,2,251,340,272,14,15,24,6,1205,10,19,6,2,24,625,4,5
7,2,177,236,80,5,1,74,11,309,103,14,5,7,36,150,2,5
4,7,126,1269,209,2,6,9,11,928,33,4,8,3,2,445,5,4
8,10,120,931,152,2,11,121,12,201,68,6,7,8,85,954,2,4
2,8,92,503,224,9,15,115,12,952,55,16,8,10,29,734,2,5
9,9,156,417,144,4,11,63,20,896,9,13,1,6,24,447,5,0
7,4,215,26,7,7,10,14,2,323,109,16,1,9,47,699,3,0
9,2,53,896,170,10,4,127,7,229,9,7,6,1,6,338,1,5
2,2,58,468,158,15,6,92,7,1429,127,14,4,4,100,520,3,1
1,5,119,734,205,15,8,44,7,109,52,16,5,2,24,508,2,5
7,6,16,1459,127,9,1,71,1,1499,33,12,6,10,9,876,3,1
4,3,67,1282,123,12,2,40,7,224,121,2,10,9,60,358,1,1
6,9,193,80,133,13,12,103,11,318,88,13,7,3,44,310,2,5
9,4,134,313,248,12,14,26,18,1206,51,3,2,3,31,557,5,0
9,8,159,1420,121,8,2,114,13,1096,132,8,8,9,32,737,1,4
10,10,153,217,246,11,1,34,15,653,32,11,10,3,24,656,1,2
5,6,243,682,216,15,5,82,7,1146,32,15,6,4,88,127,5,3
1,6,135,1405,36,7,8,73,17,820,149,14,4,2,39,941,4,1
3,7,77,11,265,12,3,65,4,1233,40,8,3,9,21,410,2,2
5,2,206,1432,216,6,14,50,16,430,140,9,4,8,100,763,1,2
10,6,156,949,187,9,10,114,3,414,99,20,2,8,96,588,4,4
9,4,137,1281,241,12,9,14,15,580,84,7,3,5,35,154,3,3
5,3,60,376,119,5,7,43,1,526,74,5,5,8,5,803,2,4
1,3,268,656,74,7,4,6,10,480,141,11,5,9,71,281,4,1
3,9,300,1062,40,2,14,86,14,806,144,20,9,10,53,107,4,0
2,7,83,745,211,14,1,108,20,206,45,6,8,3,42,153,1,4
1,10,104,801,188,4,3,147,12,1313,86,16,2,2,70,518,2,0
4,2,83,1496,95,4,2,43,12,31,62,19,5,5,82,522,5,2
3,4,29,1117,211,14,4,89,4,1417,87,11,4,2,21,386,5,5
7,4,263,314,21,2,9,34,10,1500,60,8,5,9,21,739,3,1
8,10,78,1252,40,2,7,136,15,444,151,8,7,5,9,766,1,1
9,2,289,1119,59,2,2,50,6,670,134,1,9,4,14,527,2,4
5,8,158,678,36,4,2,127,18,284,49,1,9,2,26,598,3,5
2,3,47,59,190,3,8,9,20,1314,127,4,10,8,87,345,4,5
6,10,105,278,215,8,9,96,13,1490,99,5,1,6,20,529,4,5
9,2,70,77,6,4,8,121,15,1317,78,11,7,6,74,647,3,2
2,5,8,642,81,8,2,7,2,968,25,20,10,6,42,495,5,2
6,3,260,1455,266,15,6,75,16,90,68,12,2,9,22,691,1,3
8,7,146,1248,156,10,9,99,17,1083,124,9,4,10,76,458,5,4
5,10,189,734,33,9,2,63,11,274,4,16,8,5,89,835,5,5
9,4,278,1478,51,9,8,23,6,89,35,3,8,8,84,434,3,4
8,6,29,147,261,1,8,128,13,981,20,10,5,4,39,275,2,1
3,3,218,1061,225,15,12,35,8,269,104,15,1,1,37,610,4,3
1,2,296,187,226,9,15,80,9,915,40,12,2,8,76,612,1,1
6,4,107,59,112,8,2,40,1,1097,26,19,6,2,36,55,2,5
3,2,277,1071,223,13,11,80,10,1001,75,5,9,7,86,633,1,3
1,2,62,1043,149,5,9,124,17,1066,79,13,9,8,42,350,1,0
3,2,292,1467,85,11,13,72,7,673,85,11,9,5,59,29,4,1
10,4,83,1129,47,11,12,126,10,1449,94,12,8,1,93,195,3,0
7,1,192,419,81,12,14,87,19,469,137,6,4,4,80,263,2,2
8,2,75,724,205,4,13,73,5,411,27,15,7,7,92,975,1,1
4,4,202,277,252,5,1,132,8,190,10,7,7,8,98,221,5,2
6,10,111,1157,161,15,12,47,20,198,98,11,10,9,7,975,3,2
4,1,201,980,159,15,4,71,13,452,31,3,3,6,25,540,2,3
1,1,286,866,94,7,12,22,2,621,22,19,2,5,53,881,3,3
5,5,201,941,27,14,12,47,7,1265,149,2,9,8,52,251,2,5
8,7,76,1025,107,11,14,63,1,890,142,1,3,7,71,62,2,5
3,4,126,291,18,9,4,32,9,977,26,20,1,3,19,636,2,2
8,2,112,616,229,5,12,90,13,894,121,1,3,3,66,948,2,2
9,10,56,58,149,11,5,93,10,222,59,1,8,4,15,842,1,4
2,10,9,201,180,6,13,78,4,574,45,13,6,9,96,445,3,5
8,6,60,1188,271,1,2,42,15,1219,150,4,2,3,12,628,2,5
10,6,178,461,137,5,4,119,14,1090,103,12,1,4,83,21,2,4
3,2,252,348,26,1,3,20,1,1489,58,20,4,3,41,543,2,3
6,5,120,1083,26,5,3,65,2,379,118,10,2,4,80,514,1,3
5,5,175,1003,30,6,14,8,20,1418,78,19,2,1,31,566,5,2
8,7,107,582,174,2,8,24,12,1161,135,15,9,3,93,323,4,1
3,8,240,1229,26,3,14,3,14,945,95,15,6,6,38,941,2,4
7,6,81,1042,240,4,14,138,20,813,127,1,1,8,30,149,2,1
4,3,253,919,254,12,11,84,16,368,84,18,5,7,8,524,2,2
10,1,43,453,248,13,3,136,20,1299,101,6,8,6,68,911,4,2
4,7,168,270,40,10,9,144,17,832,44,2,3,2,56,903,2,4
2,7,145,1236,53,6,15,84,20,470,150,1,5,5,51,37,3,4
2,9,297,188,72,5,8,57,1,422,145,16,4,2,20,320,2,1
9,3,161,317,41,1,7,48,3,508,126,6,5,8,17,841,2,3
4,9,35,1042,241,7,9,117,15,337,121,7,5,4,56,993,3,1
1,6,76,1419,281,14,12,12,4,1075,83,13,2,6,67,379,5,1
1,4,242,313,174,15,6,41,12,244,130,15,2,4,66,303,2,4
4,1,273,871,200,3,5,122,4,443,115,15,2,10,85,932,1,3
6,8,163,944,172,1,3,18,20,173,122,20,7,4,55,441,2,1
1,3,11,339,278,15,9,141,17,745,106,16,8,7,33,31,3,3
2,5,350,1000,268,156,5,156,18,741,150,18,8,4,58,36,8,2
